,0
0,"
    (bkz: beyin göçü)(bkz: kavimler göçü)
  "
1,"
    2015-2021 arası zirve yapmıştır. ama asıl bundan sonra görün diyorum. çünkü fakülteye girer girmez almanca kursuna giden öğrencilerin mezuniyetinde göreceksiniz asıl göçü tabii almanya bir dur demezse.
  "
2,"
https://www.bbc.com/…rkce/haberler-turkiye-59657943
"
3,"
    (bkz: mesleki iyi hal belgesi) haber linki
"
4,"
    son zamanlarda ciddi ciddi hekimlik gruplarında tartışılan ve avrupa ülkeleri kadar arap ülkelerinin de listede olduğu durum. yoksulluk sınırının bu kadar arttığı, geçinmenin zor olduğu bu toplumda toplumun göz bebeği gibi görünen hekimler de ümidi kestiyse işler çok daha vahim. ilerde yakınlarımızı emanet edebileceğimiz doktor illaki buluruz her şehre tıp fakültesi açan bu sağlık yönetimi anlayışıyla ama nitelikli bi doktor bulmak gerçekten çok zor olacak.
  "
5,"
    hekimlerin toplu şekilde, daha yüksek gelir elde edebileceği ülkelere taşınmak istemesi hareketi.
  "
6,"
    sağcı solcu farketmeyen hekim düşmanından oluşan mevcut güzelim ülkemizde ,halkın çok yakında başlatacağı durumdur.sağlık sisteminde karşılaştığı her sorunu doktora yoran , doktorun da insan olmasini umursamayip kendine gece gunduz hizmet edecek hizmetçi sananlara karşı verilecek en iyi cevap .siz sanıyorsunuz ki kaliteli insanlar burada kalacak.(aile vs sebepleri ile illaki gidemeyenler olacak )ama çoğu kalacak olanları söyleyeyim.yonetimin her şehre tıp fakültesi açması nedeni ile doğru düzgün imkanları olmayan yerlerden mezun olmuş yeni doktorlar,köklü universite olup hoca bırakılmayan kapasitesinin çok çok üzerinde öğrenci almış olup bunları egitemeyen üniversitelerden mezun olacak yüzlerce doktor...şimdiden hayırlı olsun hekim dusmani ülkeye yeni sağlık sistemi
  "
7,"
    2022 temmuz ayında 231 hekim tabipler odasından iyi hal belgesi almış. rakamlar sizi olayın ciddiyetinden uzaklaştırmasın.ülke değiştirme, başka bir ülkeye göç etme basit işler değil. bunu göze alabilecek hekimler sıradan her yerde bulabileceğiniz hekimler değil. devlet hastanelerinde varlığı - yokluğu bir onbinlerce ""memurdan"" farklılar yani. bu hekimleri çok ararsınız.
  "
8,"
    tam gaza gelip ""varsın gidiyorlarsa gitsinler, bizler de üniversiteleri yeni bitiren doktorlarımızı istihdam ederiz"" diyecektim ki, aklıma geçen gün yeni mezun olmuş pratisyen hekimin iş bilmezliği geldi. kızcağıza yazacağı ilaçlar için ben yardımcı oldum..30 yıllık tecrübeli beyin cerrahı, kardiyoloji, kalp damar cerrahı, çocuk cerrahı, nükleer tıp uzmanları, plastik ve estetik cerrahlarının yerini yeni mezun doktorların alacağını düşündüm ve kanım dondu! onun için ""varsın gitmesinler!""
  "
9,"
    olağan bir göçtür. türkiye'de çalışmayacaklarsa bir zahmet tıp fakültesi seçmesinler. en baştan devletin şart koşması lazım. 20 sene kamuda çalışacak olanlar tercih etsin diye. gerçekten amacım doktor düşmanlığı değil. bu konu hayati bir konu. öyle kaprise popülizme gelmez. doktorun da anası babası ailesi var ve onlarda hastalanıp devlet hastanesinde acil bir cerraha ihtiyaç duyabilirler. bulamazlarsa ne olacak? ameliyatınızı yapamıyoruz, tüm cerrahlar özele geçti mi denecek hastalara?bak kardeşim. puandan, netten daha önemli bir kriter var. ne biliyor musun? bu işte çalışmayacaksan etiket ve maaş için seçme tıbbı.. yurtdışında çalışacaksan oradaki üniversitelerde oku parayı bastırıp. yok öyle dünya. hekime şiddet ve angarya gibi çalışma saatleri konusunda haklılar. ama devletin imkanlarıyla başkalarının önüne geçerek okuyup sonra ben özele veya yurtdışına geçiyorum demek olmaz. en baştan sözleşme imzalanmalı.
  "
10,"
    şunu insanların çok iyi anlaması gerekiyor...doktorları devlet okutmuyor.doktorları anneleri, babaları, amcaları, dayıları okutuyor.hayırsever insanların bursları okutuyor.devletin bir yere üniversite kurması, fakülte açması, o fakülteye destek sağlaması, hoca görevlendirmesi, devletin doktor okuttuğunu göstermez. devletin görevini yerine getirdiğini gösterir.biz bu insanlara muhtacız.onların devlete borcu yok. olamaz da.biraz olsun kendimizin, ailemizin canını düşünüyorsak, okumuş yetişmiş beyinlerin gitmemesi daha da önemlisi >>>>>öldürülmemesi<<<<<< için elimizden geleni yapmalıyız.yapamıyorsak, gidebilirler. desteklediğim göçtür.*****edit: mesajları gördükçe kahroluyorum resmen.bir doktor eğitmenin masrafını biliyon mu sen amuğa goyim???!! avrupa da tıp eğitiminin fiyatından haberin var mı amuğa goyim??!!! tarzı o kadar çok mesaj aldım ki... toplu cevap vereyim... hangi hayat parayla ölçülebilir?! bir doktoru maliyeti velev ki 1 milyon dolar olsun. 100 milyon dolar olsun. bu insanlar öldürülüyor! bu insanlar 36 saat nöbetin üzerine 12 saat hasta bakıyor! bu insanlar insanlık dışı şartlarda 3 kuruş paraya çalıştırılıyor! harcanan para bütün bunları haklı çıkarıyor mu?beyinsizler. dangalaklar.hadi bak bunu geçtim. tamam bir doktoru ""eğitme"" maliyeti 1.000.000 $ olsun. ulan o kadar ""para harcadığın"" insanlar öldürülüyor. bunu anlamaya kafan basmıyor mu?! rezil, iğrenç insanlarsınız. *****
  "
11,"
#140821352 öncelikle sapla samanı ayırmak gerekir. türkiye'de bir eğitim sistemi var. üniversiteye giriş koşulları belli. ben ona göre tercih yaparım ancak hayatımı kendim yönlendiririm. bana sağlamak zorunda olduğun tıp eğitimini aldıktan sonra doktorluk yapmayabilirim de gider şarkı söylerim amk kime ne. senin bakış açından bakacak olursak o zaman yabancı uyruklu öğrenciler de üniversite sınavına tc öğrencileri ile beraber girmesi lazım. olur mu lan öyle bedavacılık. adamların götü sikiliyor üniversite kazanacağım diye. halbuki yabancı uyruklu adamlar kolay sorulardan oluşan 90 mı 120 mi ne kadarsa artık soru miktarı onun %60 ı ile hacettepe tıp'a giriyor. dolayısıyla sen güzel kardeşim know-how'ını elinde tutmayı bileceksin. gerekirse pozitif ayrımcılık yapacaksın. insanlar neden mutlu olduğu , ülkesini bıraksın başka yere gitsin. sen hep bana rabbena dersen imkanı olan da bak orada ananın amı var oraya kadar yolun var ben gidiyorum der. ( burada ananın amı metaforu sana değil , bilakis sistemi sürekli kendine işletenlerdir.)edit : cümlede anlam kayması olmuş , onu düzelttim.
  "
12,"
    bir hekim olarak yakında katılacağım göç.üç nedenim var : 1 - can güvenliğim yok2 - emeğimin karşılığını alamıyorum3 - siyasal islam diktatörlüğünü oluşturan kesim çoğunlukla cahil ve iş bilmez kişilerden oluştuğu için, okumuş - meslek erbabı herkese karşı (doktor, mühendis, öğretmen, pilot, sanatçı, sporcu farketmiyor) hayat boyu yaşadıkları ezikliğin acısını çıkartmaya çalışan bir kitle var. bunun tıpın herhangi bir dalında tedavisi yok maalesef. bu insanlar piyasadan yok olana kadar bu ülkede okumuş insanlar bok muamelesi görmeye devam edecek. hiç gerek yok buna. burada kendi aranızda savaşın, doğal seleksiyon sonucu sayınız azalsın. hastalandığınızda ağlayarak, sürünerek, feryat figan bizleri arayın, aklınız başınıza gelsin... adam olduğunuzda -belki- geri geliriz ülkeye.şu devlet okuttu geyiğini de bir kenara bırakın lütfen. götü yiyen buyursun okusun, zorunlu hizmetini yapsın, sonra günde 650 hastaya baksın, tehdit edilsin, hasta yakınları tarafından dövülsün / öldürülsün, kuş kadar maaşla geçinsin arkadaşlar..buradan tüm meslektaşlarıma sesleniyorum; işinizi, gücünüzü, hastanızı, nöbetinizi bırakın, yurtdışı çıkış işlemlerinizi başlatın bir an önce. çünkü yakında pasaport iptalleri ve iyi hal belgesi verilmemeye başlanması olası ...
  "
13,"
    insanları ambivalansa iten durum.. git diyemiyorlar, kal demek de işlerine gelmiyor..
  "
14,"
hazard ratio isimli yazarımsı ve onun zihniyetinin sebep olduğu göçtür. amerikada 1 milyon dolar olan eğitim demiş. 2021 yılı uzman doktor maaşlarına da baksın amerikada bi zahmet. 250-300 bin dolardan aşağı kazanılmıyor.bir de söylemekten dilimizde tüy bitti ama diğer üniversite mezunlarının kaçı devlete hizmet ediyor? onu da açıklasa keşke. herkes yurt dışına çalışıp dolarla maaş alma derdinde bu ülkede. bir de zeki arkadaşımız açıklarsa sevinirim. acaba 50 sene devlette çalışma zorunluluğu gelirse bundan sonra kim seçer tıbbı? sizin şu an bile beğenmediğiniz doktorları ülkede en yüksek matematik, geometri, kimya, biyoloji, fizik yapabilenler ve disiplinli çalışabilenler seçiyor. arkadaşın önerdiği şartlarda kalite nasıl olur açıklasın lütfen.edit: aynı yazarımsının tüm yazdıklarına cevap vermeyeceğim çünkü troll olduğu belli; ancak öncelikle tabi ki para için yapıyoruz bu işi. ve ölüm riskimizin, dayak yeme riskimizin olmaması lazım normal şartlarda. kolluk kuvveti değiliz biz.doktorluk çok ciddi işse; ciddi işe ciddi para verilir. ciddi işi yapan el üstünde tutulur ki biz el üstünde tutulmak falan istemiyoruz. can güvenliğini sağlayıp insani şartlarda çalıştırın yeter.bir de sistem çökerse ailemiz de altında kalırmış. kendi adıma ailemde bir sorun olduğunda arıyorum o branşın uzmanı arkadaşımı. sıra beklemiyorum, akşam bana çay içmeye geldiğimde muayenemi oluyorum. yani bizim ailemizi düşüneceğine kendi aileni düşün sen.
  "
15,"
    sanki devlet sadece doktorları 1 milyon dolarlık eğitimde okutuyormuş gibi konuşan sığırların olduğu başlık.bir tükenmediniz amk oldu bir tek doktorlarda sıkıntı var mühendisler için bina dikmiyor devlet agacta yetişiyor zaten.üstelik mecburi hizmeti olan mesleklerde belli zaten bir siktirin gidin kısacası.4-5 net fazla matematik netiymiş diyor bide beyni süngerimsi.
  "
16,"
    tıp, mühendisliğe benzemez. çok özel bir branş. 15-20 sene kamuya hizmet gerekiyor. bunu yapmayacak olan seçmemeli. kesinlikle bu ön şart getirilmeli. ilgi duyan, mesleği icra edecek olan adam tercih etsin bu bölümü. ülkenin hali belli, halkın durumu ortada. sanki ilk defa geliyorsunuz bu ülkeye. tıbbı seçerken ve okurken bilmiyordunuz sanki. herşey yeni oldu bir anda. amerika'da 400 bin dolar kazanıyorlarmış..tamam işte derdiniz meydanda zaten.. amerika'da oku o zaman güzel kardeşim. öde o kallavi ücretleri. sonra istersen günde 1 milyon dolar kazan. tıp hayati öneme sahip. o kadar hayati ki, eğer çökerse altında doktorların ailesi ve sevdikleri de kalır. o yüzden eğer yurtdışına gidecekseniz ailenizi de yanınızda götürün. burada çöken sistemin altında kalmasınlar. yok özele geçecekseniz, o zaman özel sağlık sigortası yaptırın ailenize. ama çok kapsamlı olsun.
  "
17,"
    (bkz: tabipler göçü)(bkz: #127348381)
  "
18,"
    eehh sıktı ama nereye istiyorlarsa gitsinler, kimse kimseyi zorla tutmuyor, yok giderlerse şöyle olur böyle olur, illaki bu vatanın insanlarına değer veren doktor vardır, bu millet kurtuluş savaşı vermiş millet. sanki gidecekleri yer çok daha iyi nankör olmaya gerek yok evet zor bir dönem ama bunlarda birgün geçecek zorlukta bu halkın yanında değillerse kendilerine az bir dokunulduğunda kaçacak insanlarda doktorluk yapmasın bu ülkede nereye giderlerse gitsinler....
  "
19,"
    15-20 az dedin kanka 100 sene kamuya hizmet şartı getirilsin. ya bi siktir git şurdan. amariga'da 1 milyon dolarlık eğitimmiş de burda bedavaymış. bi siktir de buna demek istiyorum.aylık 1000 dolara uzman hekim çalışıyor senin ülkende. yeni kabul alan arkadaşım 600bin dolar yıllık anlaştı 'amariga'da' kaldı ki bu senesi deneme gibi bir durum, seneye 2-3 milyon dolardan bahsediyor. sen de kamuda hekimine onlar gibi verirsen karşılığını istersin. ulan hepinizin argümanı aynı. malpraktis cezaları, alınan eğitimin bedeli amerikan dolarıyla. maaşa gelince türkiye usülü. siktir ya. ne güzel memleket. kaldı ki devlet hizmet yükümlülüğü ile 2 sene bedava hizmet veriyorsun nerdeyse. ben de isterim kamuda durmak da bana siktir git diyorlarsa da umurum olmaz kimin ne bok yediği.ondan sonra dohtur yok mu dohtur diye zırlarsınız. devlette yaptığım ameliyatın bedeli döner sermaye olarak 100-200 tl. aynısını özelde yapıyorum 20bin tl. ulan kim durur devlette o zaman?zaten üniversitelerdeki bütün kalifiye hocalar özellere geçti. bu saatten sonra uzman olacak hekimler de yetersiz olacak. kimse kusura bakmasın. halk kendi canavarını kendi yarattı. şimdi acısını çekiyor…
  "
20,"
    kim nerede nasıl mutlu olacaksa oraya gitmeli. hekimler de nerede mutlu olacaklarsa orada çalışsınlar. mühendisi de, hukuçuyu da, sağlıkçıyı da, edebiyatçıyı da devlet okutuyor. lakin ben bir mühendisin, döner ustasının vs. 'bak gidersem bizi çok ararsınız, muhtaç kalırsınız' gibi vatandaşa parmak sallayıp tehditler savurdugunu görmedim bugüne kadar. giden gidiyor, bu tribi niye bana atıp duruyorsunuz güzel kardeşim? gerek twitter'da gerek sözlükte, artık iyiden iyiye itici olmaya başladı bu durum. hayır, benim ne suçum var? ben mi belirliyorum senin maaşını, çalışma koşullarını? ben mi kabahatliyim? niye bana çemkiriyorsun? daha tıp fakültesinden başlayarak saçma sapan bir ast-üst ilişkiniz var ki, askeriyeden beter. lakin hiç bir şeye sesinizi çıkaramıyorsunuz. organize olamıyor, çalışma şartlarınızı düzeltme adına sesinizi yeterince duyuramıyorsanız, bunda benim suçum ne? çalışma şartlarınıza ben de üzülüyorum. ama haklarınızı aramanın yolu bu değil. ülkenin, belli bi seviyede olan, zeki insanlarısınız, yapmayın böyle gözünüzü seveyim.
  "
21,"
    bir yazar da git amerika'daki oku demiş; neden? bu doktor bu topraklarda doğdu, bu vatan için askerlik yaptı, annesi babası bu ülke için çalıştı, vergi ödedi.kimse istemez dilini bilmediği muhtemelen ikinci, üçüncü sınıf vatandaş olacağı ülkede çalışmak. ama itibar neredeyse insan orada yaşamak ister. kimse yaptığı iş yüzünden kafasına tuğla yemek, vurulmak istemez. tatlı tatlı öğrenemedik, acı acı tecrübe edeceğiz.
  "
22,"
    hekimlerin tıp kariyerlerini bırakarak diğer sektörlere geçmeleri de buna bir örnektir.(bkz: ferhat göçer)
  "
23,"
    hekimlik öncelikli olarak para için seçilmemesi gereken meslektir.. para elbette önemlidir ancak amaç değil araç olmalıdır bu meslekte. istanköylü hipokrat'tan utanın önce.zaten bu başımızdaki belayı siz musallat ettiniz biraz da.. devlet hastanesine gidersin, doktor olmaz. nerede dersin. muayenehanede derler. muayene olmak için kallavi ücret ödersin. sonra tahlil ve röntgen parası bayılırsın.. ameliyat olman gerekir bıçak parası isterler.90'lı yıllarda sağlık sistemindeki bu noksanlıklar yüzünden gidip bu şakirtlere oy verdiler ya..benim derdim doktorluk mesleği ile değil. o mesleğin kutsiyetine uymayan ve statü yahut para için o mesleği seçtiği belli olan paragöz tiplerden hoşlanmıyorum.
  "
24,"
    asıl sıkıntıyı yılar sonra hissedeceğiz. aynı göçmenleri almak gibi. alttan yetişmesi uzman yandal uzmanı vs olması gereken pratisyenler güzellik merkezine saç ekimine yurtdışına kaçıyor. gerisini anlayın işte uzun uzun yazmaya üşendim.
  "
25,"
    hiç kusura bakmayın ama gene sıçıp sıvama başlamış. bazı mankafalar hiç anlamayacak ama gene de yazalım. olum doktor sizin köleniz değil. 3 kuruş maaşa çalışsın, küfür, dayak yesin demeyi kendine hak görüyorsan hala anlamamışsın. bak doktorsuz kalacaksın dedik, güldün, aha 2 günlük haber koca ilde hematolog kalmamış. sen sıçmaya devam et, yeni başlıyor her şey. hastalanıp evini, arabanı satmak zorunda kalınca gene konuşuruz senle....
  "
26,"
    adamlara hak ettikleri diploma verilmiyor zaten sığır o kamuya hizmet şartı yüzünden.eczacı, diş hekimi, mühendis vs. mezun olup ertesi gün diplomasını alıyor, hekimlere nanay git mecburini yap diyorlar. zaten asistanlıkta taahhüt imzalıyorlar mecburi için.uzmanlığını alıp yan dal yapmaya kalkarsa hem maaşı düşüyor hem de ikinci bir zorunlu hizmet yükü çıkıyor.10 yıllık uzmanın aldığı maaş 2 bin dolar değil. yıl sonu vergi dilimi ile o da düşüyor. edit: ya bir de benim ekonomi bilmez arkadaşım maaşını bana söyleyip iyi de mi diye sordu. canım benim. ben de iyi dedim ne deyim.ben 2014 yılında asistanken 2200 dolar maaş alıyordum, şimdi bin dolar bile almıyorum.ülkeyi sikip attınız, imkanı olan gidiyor.edit: doktor nefretini anlamıyorum, çok saygı duyduğum bir meslek, sizinle enseye şaplak göte parmak olmak zorunda değiller. hele dermatologum adam bir dudak dolgusu yaptı zaman içinde eriyeceğine iyice güzelleşti, canım benim ellerine sağlık.annemin beli kırıldı doktor, babamda safra taşı çıktı doktor, ablamda kist vardı doktor, şimdi annemin dizi gene doktor.bütün bu işlemleri doktorlar yapıyor oğlum bu insanlar ne istiyor bu doktorlardan adamlar afedersiniz it gibi çalışıyor. doktorları seviyorum ve iyi doktorların gitmesine çok üzülüyorum. sadece iyi doktorlar değil kaliteli olan kim giderse ülke bok çukuruna bir adım daha yaklaşıyor.edit: sistem çökerse altında sizin ananız babanız kalır yazmış biri, kalmaz kardeşim bir hekim arkadaşına yönlendirir anasını babasını.
  "
27,"
    yurtdışına yerleşen arkadaşları gördükçe motive olduğum göçtür. yakında bir helga bulursam ben de giderim. arayış başladı çoktan.
  "
28,"
    hekime şiddet ve angarya çalışma koşullarını kim savunuyor arkadaşım? iyi misiniz? ya ne yazıldığını okumuyorsunuz, ya da okuduğunuzu anlamıyorsunuz. hangi insan evladı hekime şiddeti ve angarya çalışma şartlarını savunabilir?biz diyoruz ki, sağlık işinin şakası olmaz. bu bir vatan hizmetidir. hekime şiddet ve angarya çalışma şartları konusunda haklısınız. ancak bu ülkede mesleği icra etmeyecekseniz olmaz o iş. bu sistem çökerse altında sizin ananız, babanız da kalır. sakın ama sakın unutmayın bu gerçeği.askerin yaptığı görev kadar hayati bir mesele cerrahlık ve nitelikli doktorluk. o yüzden en baştan bu şartları kabul eden kişiler tercih etmeli.
  "
29,"
    ulan 1 milyon dolarlar filan havada uçuşuyor. afedersin de hangi eğitimin masrafı bu?tıp eğitiminde en pahalı gider, kadavra masrafı olup zaten artık çoğu fakültede kadavra filan yok. ne yank 2-3 kurbağa kesmenin maliyeti ne zaman 1 milyon tl oldu?internlük'de adamlar hata yaptığını anladı artık maaş bağladılar internlere. çünkü adamlar sekreter-memur-doktor gibi hizmet üretiyorlar.5 yıl boyunca öğretmen, mühendis, tarih bölümü öğrencileri gibi amfide ders dinlenmenin maliyeti varsa herkes devlete zorunlu çalışsın kardeşim. öğretmen de, tarih bölümü mezunu da, sosyoloji mezunu da! hodri meydan.kimse kimsenin uşağı değil. sadece geçen ay benim cevremden 13 tane uzman devleti bıraktı. özele geçtiler. nedenleri mi?-torpille atanmış temizlik personeli; hocam aynı maaşı aldık bu ay senle.-hergün polikliniklerde kaos. sıfır hastanede yapmışlar hasta yatırmak için yatak yok. her gün yatak kavgası.-randevusuz gelip kabul edilen hastaların sürekli kavga çıkarması-kimsenin sıra kavramını bilmemesi.-can güvenliği yok kimsenin. -muayene uzun sürmesi halinde kapı tekmelemer.-yöneticilerin gerçek yönetici olmaması.-hastanenin sorunlarını doktorların kapatmasının istenmesive her gün sorunlar artıyor. her gün bir poliklinik de kavga çıkıyor ve büyük yöneticiler bu yangınlara körükle gidiyor.doktorlar sistemin düzelmesi için aylardır dil döküyor. ama artık kimse konuşmuyor farkındasanız. çoğu uzman-yandal uzmanı kamudan ayrıldı. ayrılmayı bekleyen binlercesi var.geçmiş olsun türkiye.
  "
30,"
    doktorlara köle muamalesi çekenleri gördüğümüz başlık.oldu paşam 15-20 yıl zorunlu hizmetmiş. bu arkadaş sanıyor ki bu şartlarda doktorluk yapmaya hevesli milyonlar var. muhtemelen yaşıda maksimum 19-20 civarı. 6 yıl okul, son senesinde fulltime çalışmana rağmen verdikleri köle yevmiyesi (aylık bin lira civarı evet), sonrasında ise gecesi gündüzü belli olmayan bu işi yapıp ay sonu geldiğinde herkesten az kazandığını gördüğünde ne hissedersin otur düşün. ulan ülkedeki bekçi bile daha esnek daha az çalışıp senden çok daha fazla kazanıyor. dünyanın en idealist kişisini bu mesleğe koy maksimum 3 aya bırakır. mesleki tatmin duygusu, geçim derdinin ya da en basitinden mesleği icra ederken can güvenliğinin önüne geçemez. ayrıca şu 1 milyon $ eğitim geyiğini de kesin. yetti be bu kadar cahillik.
  "
31,"
    olması gereken göçtür. kimse can güvenliği tehlikesi olan bir yerde bulunmak istemez. #140821739amerikada 1 milyon dolar olduğunu söylediğin eğitimin burada yabancılara ne kadara verildiğinden haberin var mı?hepsi kolay bir sınava girip çok cüzi bir ücretle okuyorlar. bazılarının eğitim ücretini karşılayan kurumlar da var. hatta kendi ülkesindeki türk konsolosluğundan burs alan öğrenciler de var. çoğunun durumu benimkinden iyidir. hepsine kyk çıkar bana çıkmaz. bu devlet bana 5 6 ay sonra yurt çıkarıyorsa, son dakikada ev, yurt aramaya mecbur bırakıyorsa beni devlet okutmamıştır. burs vermiyor da kredi veriyorsa beni devlet okutmamıştır. bu ülkenin hiçbir hekimi devlete borçlu değil. herkes hakkıyla çalışıp kazandı. hadi diyelim beni devlet okuttu. yabancı olan diplomasını alıp giderken zorunlu görevi yine biz yapıyoruz? zaten o süre içinde devlete olmayan borcumuzu fazlasıyla ödemiş oluyoruz.
  "
32,"
    yok hekimlik para için yapılmazmışkutsal meslekmişdevlet okutmuşmuşbelli bi süre zorunlu çalışılmalıymış şart olmalıymışfalan filanhangi kafadasınız arkadaşlarhekimlik de bi meslek ; mühendislik gibi öğretmenlik gibi ya da kasaplık gibiparası için de istenebilir statüsü için de istenebilir gereklilikleri sağlandıktaan sonra da okunur sen tüm mesleklerde hayat standartını gerekli seviyeye oturttun mu ki adam paraya göre değil ilgisine göre meslek seçecek ?hekimlerin çoğu bu işi para için yapıyor ve bu utanılacak birşey değil, para kazanmak zorunda ; devlette kazanamıyorsa çalıştığının aldığı riskin zorluğun karşılığını alamıyorsa bu adam özele geçmekte ya da yurtdışında insan gibi yaşamayı tercih etmekte özgür, kimse de ağzını açıp tek kelime e de mezbu tüm mesleklerde geçerli , beğenmiyorsan tercih şansın varsa daha çok istediğini seçersin , bu insanları devlet okutmadı tekrar söylüyorum , bu , insanları, devlet, okutmadı, ya 25k kredi çekip 50k ödeyerek kendileri okudu ya da (veya ayrıyeten )anaları babaları sevenleri gerekirse varını yoğunu satıp okuttu burda atıp tutanlar kaç defa bir başkasının hayatını kurtarma- karartma riskini almış çok merak ediyorumsen kendi hayatının boktanlığından memnunsan daha iyi olmak istemiyorsan bi başkasına bok atma kardeşim sen de daha iyiyi hedefle , üniversite okuyup asgari ücretle neden çalışılıyor diye sor mesela ; hastanede sağlık çalışanlarına darp hatta ölüm neden var diye sor neden en ağır cezaları almıyorlar diye sor , sen eşşek olursan semer vuran çok olur ama semerinden memnunsan başkalarını eşşek olmadıkları için suçlama
  "
33,"
    entrylerinde doktorluk ciddi iş yok öyle bedavaya okuyup gitmek diyen sığır içeren başlık. sik kafası madem ciddi iş o zaman devlet de bir zahmet ciddiye alsın doktorların yaşadığı olayları, amın feryadı seni.
  "
34,"
    off türkiye’de her işte argüman serbest piyasa. iş doktorlara gelince herkes katı komünist kesiliyor. bunları ciddiye alıp dinlediğiniz kabahat.adam vasıfsız esnaf. her türlü ahlaksızlığı ve kanunsuzluğu işinde hak görür, adına “serbest piyasa” der. doktor ile ayakkabı boyacısının gelirini kıyaslandığında “ayakkabı boyacısı risk alıyor tabii ki daha fazla kazanacak. çok istiyorsa doktorlar da ayakkabı boyasın. tutan mı var?” der. ama iş kendi çıkarına dayanınca aniden devletçi, komünist kesilir. öyle ya vergisini kaçırdığı devlet kendisine bedava sağlık hizmeti vermeli. hastanede sıra beklememeli. doktorlar özel hastaneymiş gibi beyefendiyi kapılarda karşılamalı, onun egosunu pohpohlamalı.peki parası? para yook. vatan millet aşkına yapılmalı bu iş. buna karşı çıkan vatan haini sayılmalı. ülkeden kaçan doktorlar savaştan kaçan askerler gibi gerekirse kurşuna dizilmeli.kendisi boğuluyor olsan dükkanından bir şişe bedava su vermez ama. çünkü o serbest piyasa. doktordur öğretmendir. o kısım komünizm.not: doktor değilim.
  "
35,"
    yaklaşık 2 yıl süren mecburi hizmet bitmeden türkiye’de özel hastanelerde çalışamıyorsun. zaten yurt dışına giden istifa edip gidiyor. 2 yılı beklemiyor. sen 15 yıl mecburi hizmet de koysan istifa edip gider. bir şekilde gider.
  "
36,"
    isteyen istediği yere gider size ne noldu zorunuza mı gitti? yok zorunluluk getirilmeliymiş çalışma şartı getirilmeliymiş. atı alan üsküdar'ı geçti doktorlar mı kalacak?
  "
37,"
    örgütlü cahilliğin sonucudur. düşünün ki cahilin biri cimer'den doktor tehdit edecek kadar cüret sahibi. başına bir şey gelmeyeceğinden o kadar emin. bırakıp giden doktoru kim suçlayabilir ki?dünyada hiç bir ülke yoktur ki yetişmiş insanını bu kadar ayak altına alsın. zaten yıllardır yetişmiş mühendisimizi, yazılımcımızı, bilim insanımızı kaybediyoruz. ancak bunların topluma etki etmesi on yıllar sürüyor. bir türk yurt dışında büyük bir iş başarınca utanmadan övünüyoruz. kimse neden türkiye varken başka ülkede yaptığıyla ilgilenmiyor.ancak hekim göçü öyle değil. hekimin gidişi aynı gün etkisini gösteriyor. bir ilin tek onkoloğu ya da tek hematoloğu bir kaç beyinsiz yüzünden çekip gidince hastaların tedavisi yarım kalıyor. birileri de utanmadan doktorları suçluyor. ya hep beraber doktorlara sahip çıkıp şartlarının iyileştirilmesi için elimizden geleni yaparız ya da en ufak tıbbi problemimiz için özel hastanelere eşek yüküyle para vermeye razı olacağımız bir hayata başlarız. şunu da söyleyeyim bir noktadan sonra parayla da hizmet alamayacak hale geleceğiz. doktorları suçlamadan önce herkesin aklını başına alması lazım.
  "
38,"
    hekime şiddeti ve angarya çalışma şartlarını savunan insan değildir ve olamaz da. ben ne anlatıyorum, siz olayı nereye çekiyorsunuz?sağlık işi o kadar hayati bir sektör ki, eğer çökerse altında doktorların ailesi, arkadaşları ve sevdikleri de kalır.bu işin şakası yok. kimsede özelde tedavi olacak para da yok. tedavi için yurtdışına gidecek imkan da yok. kimse keyiften hastalanmaz. kanser, kalp damar hastalıkları gibi ölümcül hastalıklarda ve acil ameliyat gerektiren durumlarda çok sevdiğiniz bir insan hasta olarak sağlık hizmeti alamazsa ne demek istediğimi anlarsınız.
  "
39,"
    (bkz: yurtdışına kapağı atmaya çalışan atatürkçü genç)milli bayramlarda instagram postu atmayı unutmayın gençler, psikolojinize iyi gelir. sonuçta hayaller atatürk, gerçekler vahdettin.
  "
40,"
    sonuna kadar destekledigim goc.bu ulkenin insani bundan anlar cunku; ac kalmadikca, cebine para girdikce her turlu yolsuzluga gericilige goz yumarlar. ayni sekilde doktorsuz kalmadikca, hastane koselerinde, ameliyathane kapilarinda surunmedikce de doktorlarin kiymetini bilmeyecekler. kurunun yaninda yas da yaniyor ama yapacak bir sey yok, bu milletin huyu bu.kendi fikirleri cok onemliymis gibi bu basliga art arda entry girenlerin aksine, devlette okuyan kimsenin devlete borcu yoktur. ulkedeki buyuk cogunlugu annesi, babasi, ailesi dolayli olarak verdigi vergilerle, dogrudan da harclik vs. ile okutur universitede. devlet ben okuttum demek istiyorsa, vergileri kaldirip kaynak yaratmayi deneyebilir.""doktorlara bir sure calisma zorunlulugu getirilsin"" bakis acisi bile ulke insaninin neden sonuc iliskisi kurma acisindan ne kadar yetersiz oldugunu gosteriyor. doktorlarin sikayeti can guvenliklerinin olmamasi, sahip olduklari sorumluluklarla elde ettikleri maasin ortusmuyor olusu ve mesleki sartlarin kotu olusu. sunulan cozumun sorunun temel sebepleriyle baglantisi sifir. haliyle sorunu cozmek icin degil, sorunun olusturdugu etkileri hali altina supurmek icin ortaya atilan bir fikir. calistigim sirkette bir yonetici boyle bir soruna boyle bir cozum sunsa, uzun sure itin gotune sokarlar.bir de muhendislerle kiyaslanmis; ulkedeki muhendis fazlasini gectim, muhendislik zaten deger verilen bir dal degil turkiye'de. belli basli sirketler haric, cogu sirket imza yetkisi icin muhendis istihdam ediyor; ""sen imzani at, fazla kurcalama, parani al"". devletin mantigi, yandas taseronlara para aktarayim; taseronun mantigi her seyi en ucuza getireyim; kim takar muhendisini. muhendislige onem verilen bir ulkede tren facialari, maden gocukleri, deniz tarafindan yutulan otoyollar olur mu.
  "
41,"
    arkadaşlar şu konuya da dikkat edelim:gidenler zaten, dil bilen, kendini geliştirebilmiş doktorlar. şu an bir sürü sadece 7/24 ders çalışarak doktor olmuş, bir vizyonu veya misyonu olmayan, tek hedefi bmw 1 serisi almak olan tip doktor var. bunlar türkiye' de kalıyor. yani gidenler zaten iyi doktorlar. kalanlar boş beleş.
  "
42,"
    (bkz: ferhat göçer)
  "
43,"
    ""devletin imkanlarıyla başkalarının önüne geçerek okuyup sonra ben özele veya yurtdışına geçiyorum demek olmaz."" şeklinde elestirilen göç. ama benim anlamadığım, kimin önüne geçtik? yurtdışında mesela amerikada ve ingiltere'de tip okumanin daha zor olduğunu biliyoruz. o zaman amerikali ve ingiliz doktorlarin önüne geçmiş olduk. yani bu elestiride turk doktorların yabanci doktorlarin önüne gecmesi sonucunda yabanci doktorlarin mağdur olacağını ve bunun kötü olduğunu yazmışlar. paşama bak be. amerikali doktorlari bizlerden koruyor.
  "
44,"
    istediğiniz kadar zorunlu hizmet verin, isterseniz ceza verin, hapislere tıkın. şu üç dört özelliğe sahip insanları kötü şartlar içinde, ülkenizde zorla tutamazsınız.yetenekli kişiyibilgili kişiyiiyi eğitilmiş kişiyi.özellikli bir işte tecrübeli kişiyibu dört kişiyi küstürecek kadar salak, bu insanları üzecek, kızdıracak kadar avanak olmayın. zaten doğru düzgün bir firmada veya ülkede bu kişiler el üstünde tutulur, pamuklara sarılır. en ufak terslik çıkaran da afaroz edilir.çünkü iş bu kişiler ile yürür. yüzlerce, binlerce hatta milyonlarca b ehliyetli sürücü bulabilirsin. ama bir tane hematolog veya bir tane çocuk endokrinci bulman çok zordur. çünkü hepsi yani tüm ülkedeki hematologlar ve çocuk endokrinciler bir tane uçağa sığıyorlar. hepimizin tüm dangozluğuna rağmen yine de iyi dayanıyorlar. gidenler hala olması gerekenden az. ama bu dangozluğa devam edersek yakında hepsi gider. bu da doğanın en doğal kurallarından biridir. sen değerini bilmezsen değerini bilenler sıraya girer.
  "
45,"
    doktorları devlet okutuyor gidemezler ihanet ediyorlarmış lafa bak. evet kardeş dershanelere tus'una kitabına egitimine 20 yıl para doken ailesi değil girdigi sınavdan bile kar planlayan bi yurtta bi oda bile tahsis edemeyen bitirince can guvenliğini bile sağlamaktan aciz devlet okutuyor aynen.
  "
46,"
    çiftlerden birisi daha güzel, yakışıklı veya zengin bir sevgili bulup ilişkiyi bitirmek ister ama bunu itiraf etmek kolay değildir. o yüzden ayrılmak için sen beni sevmiyorsun, bana değer vermiyorsun falan gibi bahaneler üretir. hekimler de aynen böyle.
  "
47,"
    doktor göçü başlığını bile doktor pislemek icin kullanan, doktoru pranga mahkumu olarak gören ciddi bir kitle var. bunlar ile dayagi hakeden doktorlar var diyenler aynı kişiler. pembiş götlerini bir stres aldi. ya korkmayın koca götlerinize afgan suri bir sürü doktor bulunur. la insan araya yalandan çalışma kosulalları duzeltipmeli, hastanelerin alt yaoısi kuvvetlendirilmeli filan yazar da bu kadar sıritmaz en azından.tıp fakültesine girerken ölene kadar mokoko sözleşmesi imzalatılsin iş çözülür bu kafaya göre. 3 netlik beyinlere zahmet edipte neyin doğru neyin yalnis gittiğini anlatmaya da gerek yok almıyor beyinleri.edit imla.
  "
48,"
    hekimlik mental olarak yorucu bir iş de diğer meslekler ne? sizin 15 dakika hasta olarak tahammül edemediğiniz insanlarla gün boyu haşir neşir olanlar ne yapsın? her doktor da uww waaw değil. cerrahlar dışındakiler kendilerini çok önemsiyor. tahlil röntgen mr tomografi...oku yorumla, yapıştır geç. tipta da kalite düştü. iyi bir doktor bir yere bakarken başka bir yerdeki hastalığı da bulandır. sikayetlerinizi dinlerken hastanın yüzüne betine benzine bakan bile yok. hastaya ilaç verirken alerji durumu kullandığı başka bir ilaçla etkileşim olup olmaması umurlarında değil çoğunun. kamuda masabaşı düz memur olanlar hariç herkes bıraksın gitsin. hepsinin işi zor. hakimler haftanın 7 günü gece gündüz çalışıyor. onlarin cani yok mu hatta kamu olayı bitsin. her yer ozellestirilsin. vergilerimiz neden adamakıllı hizmet alamadığımız yerlere gidiyor. en son ne zaman devlet hastanesine gittiğimi bile hatırlamıyorum. bağışıklık sistemimde sorun var. dr. a kalırsa sadece cilt hastalığı. krem pomat yeterli. prof. a gidince ama kan değerleri, tüm tahliller, alerji testleri, karaciğer fonksiyon testi, mide ve bağırsak durumu, akcigerlerimin hali, kandaki iltihap düzeyine kadar hepsine bakılıyor. zamanı olan uzman da emin olun uğraşmiyor. bir antihistaminik bir pomat tamam. 1 günlük hadise değil bunlar.uzun süreli antihistaminik kullanımı, davranıs bozukluklarına, kas gevşeticiler kalp kapakçıklarinin erimesine yol açar. ve size 1 sır vereyim. doktorlar hastalarına poşet poşet ilaç yazarken birçoğu ne kendi için ne yakını için o denli ilaç kullanma taraftarı değil. ordu, yargi ve kolluk kuvvetleri dışında tüm kamu kurumları özellestirilsin. mebus maaşları da asgarî olsun. nasıl olsa herkes başının çaresine bir şekilde bakıyor. hastaya muayene ücreti getirilsin. doktorlar hasta başı minik 'de olsa ücret alırken günde 80 hastaya bakmak insanî değil demiyorlardı. muayene ücreti olunca hasta sayısı düşer ve hekimlerin becerilerini ilgilerini görürsünüz. yeryüzü doktorları dışında hiç-bir doktor özel değil kutsal değil. hiç-bir meslek kutsal değil. kariyer mesleğini seçip, çalışma şartlarını bilip üstüne 10 yıl okuyup sonra maaşım az diye ağlamak da komik yani. vallaha gülerler. zekânızdan şüphe ederler.
  "
49,"
    göçerler tabii... yemin ediyorum şu an sağlık sistemi hakettiğinden çok daha iyi; biraz detaylı düşününce şimdiye çoktan çökmüş olması gerekiyordu. bir rinoplastiye özeller 50 bin lira fiyat çekiyorken hala devlet hastanelerinde 15 bin lira aylık maaşa kbb ve plastik cerrahların çalışıyor olması mucize değil de nedir? bir de bunun yanında tehdit, kavga gürültü de cabası. halen devlette çalışan uzmanları zerre anlamıyorum.bense şu an bir pratisyenim ve lise mezunu uzman çavuştan az kazanıyorum.neticede böyle komik şartlar varken sağlık sisteminin zar zorda olsa yürümesi; bu şartlarda çalışan bizlerin fedakarlıklarındandır...
  "
50,"
    şu fındık beyinli arkadaş süper ötesi fikirlerini kendine saklasa keşke. ulan 15 sene mecburi hizmet gelse doktorlar doktorluk mu yapar? senden 100 kat akıllı adamlar amk, basar istifayı gider esnaf olur bilmem ne olur sanki dünyanın sonu mu. hala köle gibi zorla doktor çalıştırma peşinde ya haysiyetsizlere bak sen. zorla üç kuruşa çalıştırdığın adama gidip “karnım ağrıyo derdimi çöz” mu diyeceksin? ne utanmaz arlanmazsınız ya.
  "
51,"
    yolları açık olsun, gittikleri yerde huzur bulsunlar.bakın beyler, yurttaşlar, romalılar;avrupa'nın farklı ülkelerinde hastaneye birkaç kez gitme durumum oldu. insan şunu açıkça görüyor, adamların sistemi, altyapısı, cihazları iyi olabilir. ama bizim tabiplerimiz her zaman daha iyiydi.eğer devlet bu durumu göremiyor, önlem alamıyor, aksine gidersen git diyorsa elin adamı da havada kapar. biz de şehir hastanesinin alçı tavanlarına sürtünürüz artık şifa bulmak için.
  "
52,"
    gerizekalilik keske parayla olsa.20 yil sozlesme imzalanacakmis 2022'de.devlet dunyadaki denklerine benzer bir ortami olustursa zaten kimse gitmez.siz saniyorsunuz ki yurtdisinda doktor olarak denklik almak, calismak cok kolay ve ha deyince oluyor. devlet bu adama senin verginle yatirim yapiyorsa sen gidip devlete soracaksin bu yatirim neden elinde tutamiyorsun bu adamlari burada tutacak sartlar neden olusturmuyorsun diye. kurek mahkumu gibi 20 yil bana calis dersen basarilar adam neden tip secsin? ayrica tip sadece oss'de yaptigim uc bes net mi avs? fakulteyi bitirmesi, mecburi hizmeti, tus sinavi vs vs var. ben 3 net fazla yaptim hadi bizim taleplerimizi karsilayin mi diyor bu kadar insan e andaval. devlet 20 sene beni kurek mahkumu gibi calistiracak ama cocugun okul taksidini , faturalari oderken zorlanacagim. neymis kutsal meslekmis hassiktirin o zaman ekmegi bana ucuz sat.
  "
53,"
    4 bin avrodan aşağı bir maaşa yurtdışında ihtiyaç duyulan herhangi bir uzmanın burada çalışması büyük iş. 4 bin avro kaç lira yapıyor bilemiyorum ama almanya'da 3.500 4000 arası kazanır uzmanlar ilk sene sonunda bir de oradaki hayat, hukuk vs var üzerine. nasıl ki iyi topçuyu buraya getirmek için parayı basmak lazım doktorları tutmak için de aynı şey verekli.
  "
54,"
    (bkz: güle güle)
  "
55,"
    tıp eğitimi maliyetlerini amerika ile karşılaştıran zeki yazarlarımızı, amerika'da muayene olmak ve tedavi almak için ödenen ücretleri ve doktor maaşlarını da konuşurlarsa sevinirim. kaldı ki bahsi geçen paraların içinde barınma beslenme vb gibi bizde ağırlıklı olarak öğrencilerin kendileri tarafından karşılanan harcamalarda var. tıp fakülteleri ücretli olsun derseniz her muayenenize binlerce lira para harcamayı göze alıyorsunuz demektir, uyaralım. zira şu anki maaşlar ile doktorların bırakın bir milyon doları, bir milyon lira krediyi ödemesi bile ömrünü alır.
  "
56,"
    (bkz: tabipler gocu)
  "
57,"
    devlet okuttu demek hiç bir bahane bulamadım bunu uydurdum demekten farksız.devlet üniversitesi kadar özel üniversite var şu anda onu geçelim devlet üniversitesinde inşaat mühendisliği okuyana devlet okuttu seni iki bina yap devlete demiyor isen doktora da diyemezsin. ya da baştan anlasirsin karşılıksız yurt verirsin, burs verirsin, harç marc almazsın ama karşılığında 5 sene 7 sene mecburi hizmet dersin. tıp öğrencisi ile başka bir bölüm öğrencisi arasında en ufak fark yok şu an pratikte.amerigada tıp eğitimi bilmem kaç dolarcilar var bir de, ulan orada uzman doktor o size servet görünen eğitim ücretini 1 yılda kazanıyor hesabı ona göre yapin bi zahmet. türkiye de tıp eğitimi ücreti de ahım şahım değil çünkü o eğitimin yurtdışında pahalı olma sebebi eğitimi veren doktorların çok kazanması, türkiye'de üç kuruşa çalıştırılıyor hocalar zaten mesele bu ... kadavranin k sini görmeden mezun oluyor tıp mezunlarının çoğu... sorunlar varsa sorunlar çözülsün demek yerine doktorların sırtına binelim, maaş istemesin, şikayet etmesin, kapısına yığılan her hastaya bakmak zorunda kalsin. bunun gerçekten işe yarayacağını düşünen salaktir...
  "
58,"
    bildigim tum doktor arkadaslarim ,tanidiklarim gitti, gidiyor, gitmek uzere, hem de en bilgili en deneyimlileri, kaybeden turkiye halki oluyor, turkiye halki cozecek bu isi cozecekse
  "
59,"
    acı olan yanı neden gidiyorsunuz diyememek. kollarımızı açıp gitme diyemedik
"
60,"
    savunanlar için soruyorum aynı devlet özelde asgari ücrete çalışan sekreteri , hemşireyi pratisyen hekimle aynı maaşa devlette neden çalıştırıyor?amerika örneğinin saçmalığına da hiç girmeyeceğim .edit : anlamayanlar için mecburen açıklayayım. amerika dediğiniz ülke kapitalist bir sistemde yönetiliyor.orada hiç bir bölümü parasız okuyamıyorsunuz.türkiyede devlet ünisinde okuyup devlete kalifiye hizmet veren tek meslek hekimlik. var mı başka böyle hem pratisyenlikte hem uzmanlıkta hem yandalda düşük ücrete mecburisi olan ? kaldı ki amerikada paran olmayınca da doktor seni bedava muayene etmiyor.türkiyedeki gibi günde 100 hasta da bakmıyor .10-12 hasta maksimum. yani bakarsan amerikadaki doktorun 1 yılda baktığı hastayı türk hekim ( 36 saat nöbetleri vs saymıyorum) 1-1.5 ayda bakıyor. bunların parası ne peki sekreterden hallice . amerikadaki doktora 12 hastayla verilen ücret türkiyede 36 saat nöbetleri 100 hastayı geçen sayılarıyla türk doktora ödenmiyor.yani hesaba girerseniz türk doktorun bayaaaa alacağı var..
  "
61,"
    ne mal insanlar var ya gerçekten çok bile beklemişsiniz . yok paraya tapıyorlarmış yok vatan hainiymiş, ne kadar beyinsiz insan var. şu profile için yeminlerinizden vazgeçebilirsiniz bence hipokrat anlayışla karşılar.
  "
62,"
    türkiye'nin en önemli gündem maddelerinden olması gereken durum. doktorlar sağlık çalışanı değil, sağlığınızın kendisidir. hakları ve güvenlikleri sağlanmalı, çalışma şartları iyileştirilmelidir. bunlara ek olarak hakettikleri düzeyde bir maaş düzenlemesi yapılmalıdır. en önemli şeyiniz olan sağlığınızı teslim ettiğiniz doktorlar, faturaları, kredi taksitlerini, kirasını, çocuğunun masraflarını düşünmemelidir. sanki para kazanmak ayıpmış gibi doktorlar toplumsal baskıdan sesini çıkaramıyor. para önemli bir motivasyondur ve yaşam koşullarınızı iyileştirir. ancak bu tek başına yeterli değildir. doktor acaba başıma bir şey gelecek mi diye endişelenmeyecek, 36 saate varan sürelerde nöbetle enerjisi ve verimi düşürülmeyecek. 5 dakikada bir hasta bakmayacak. sistematik mobbinge maruz kalmayacak. bunlardan en hızlı ve kolay şekilde yapılabilecek olanı maaştır ve hemen iyileştirilmelidir. toplum aleyhine gibi görülse de 5 dakikada 1 değil 20 dakikada(mesela) 1 hastayla ilgilenmeli, makul düzeyde nöbet tutmalıdır. gerekirse görülmemiş şekilde olağanüstü güvenlik önlemleriyle doktora şiddet gerçeği dikkatleri çekerek kırılmalı, hekime güven verilmelidir. algı önemlidir, türk milleti gücü sever. devlet gücünün hem fiiliyatta hem de yasal zeminde doktorların arkasında olması, onları iyi hissettireceği gibi şiddet potansiyeli taşıyanları pıstırır. başkası şiddet uyguluyor, ben de uygularım hiç bir şey olmaz diyemez, itaat eder. bu tipler güçten ve gövde gösterisinden anlarlar.bu haklar bugün sağlanmazsa, siz de doktorlara sahip çıkmazsanız, yakın gelecekte sizi hemşirelikten hekimliğe intibak edecekler tedavi eder, damar yolunuzu hademe açar. iki hafta sonraya randevu bulmaya burun kıvırırsınız ama hiç randevu bulamazsınız. özellikle cerrahi branşlardaki mobbing de eklenince sizi ameliyat edecek hiç kimse kalmaz. doktorların maaşını dilinize pelesenk edersiniz ama yarın 3 kuruş maaşınızla özel hastene kapılarında sıra oluşturmak durumunda kalırsınız ya da sağlığınızı kaybedersiniz.neticeten doktorun aleyhine olan şey sizin aleyhinizedir. doktorlar sağlık çalışanı değil, sağlığınızın kendisidir.
  "
63,"
    gittiler, gidiyorlar ve gidecekler.ve siz bunun icin hicbirsey yapamayacaksiniz. bir gün isiniz düstügünde anlayacaksiniz ki, o doktorun 5 dakikasina muhtacsiniz. daha önceden göc etmis olan bizlere de faydasi, artik yabancilik cekmiyoruz.
  "
64,"
    hem doktorları cahile meze et hem de 20 yıl zorunlu hizmet iste.köle mi lan bu insanlar.doktora şiddet gösterenleri devlet cezalandırmıyorsa siz gerekeni yapın ki gitmesin.şu cami imamı cahil piçi dinlene dinlene dövmek isterdim mesela. şu ""devlet okutuyor"" argümanına da hayranım ha... lan o kadar kolaysa sen okusaydın bre aqduğum. t: bu imkanlarda kaçınılmaz olandır.
  "
65,"
    şimdi ortada güvenliklerini sağlamaya dair bir çalışma olduğunu gösteren bir hareket yok. bu arada gelişen mesleki duyarlılıga karşı iktidar tabanı tarafından çözüm talebinden ziyade alerjik tepki veriliyor. bunun sonucunda bu insanlar istifa ediyor. iktidar tabanı tarafından bir meslek grubunun seçeneksizlikten çözümsüzlükten can tehlikesinden dolayı istifası vatan hainliğine çekiliyor. bu da istifaları artarak artan bir grafige eviriyor. bu akışkan okuyacağım sonraki hamle ya bu insanların vizeleri pasaportları iptal edilir istifaları reddedilir. kararname falan çıkar. her istediklerini yaparken sürekli rest çekip iktidarın verdiği güçle restlerini başarıya ulaştırmış olabilirler. ama yani doktor yetiştirip piyasaya sürüp rest çekmek bu iş öyle bugünden yarına çözebilecekleri iş değil. dolayısıyla bence agresifleşebilirler kaçan kaçar kalan sağlar bizim diye çıkış yollarını kapatabilirler gibi geliyor. tabi bu benim fikrim
  "
66,"
    doktor nefretinizle ha gayret james webb'in yanina yaklasacaksiniz. pratisyenleri begenmeyeni mi ararsin, bitmeyen parasiz okuyorsunuz muhabbetine mi bayilirsin. duvarlara spreyle bel fitigi ve tel numarasi birakanlara muhtac oluyoruz korkusu hic yok. zaten hepiniz doktorsunuz, ne gerek var hekimlerin gocunu dert etmenize? aynisi kayninizda da olmuyor mu? ver narkozu...
  "
67,"
#90851240
"
68,"
    ortamı bu hale getiren zihniyete laf etmiyor adam -bi tarafı da yemez zaten etmeye- onun yerine bunalıp giden doktora aklı sıra çemkiriyor. hayır herkes düşüncesini ifade etsin tamam da yazık yani dünya görüşü bu derece sınırlı bireylerle ne olacak bu milletin hali. şu durumda bile yanlışın kaynağını anlamayan, kök nedeni sorgulamayan salaklıkla nasıl idame ettireceksiniz bu hayatı. acıdım gerçekten.
  "
69,"
    çalıştığı şehirde isim yapmış, gerçekten çok başarılı bir kadın doğum uzmanı arkadaşım geçen ay isveç'e yerleşti. ben de tıp okumak için gidiyorum bu ülkeden. geri dönmemek umuduyla. hekimler göçü sonrası ülke ne kaybettiğini anladığında iş işten geçmiş olacak.
  "
70,"
    türkiye'de yaşanan cehaletin kutsanması ve cahiller göçü sebebiyle meydana gelen göçtür. tüm medeniyetler yükselen cehalet ve cahil göçleriyle yıkılmıştır. cehalet medeniyetin ve insanlığın düşmanıdır.
  "
71,"
    sağlıkta şiddet mağduru oldukları halde, hala daha anaları bacıları ile tehdit edilmekte olan insanların göçü. eğitilemezsiniz yeminle!
  "
72,"
    bıkmadınız amerika muhabbetinden. amerikadaki doktorların maaşlarını yazmazlar ama eğitim masrafını yazarlar. istiyorlar ki okumak için amerika kadar para verilsin ama çalışmaya gelince afrikanın en gelişmemiş ülkesinden bile az maaş alsın doktor. normaldir olağandır. pandemide istifa yasağı getirip hakkınızı ödeyemeyiz diyip o emeklerinin karşılığını bile vermediler insanlara. balkondan alkışladığı ile kaldılar. okumamışla ömrünce dirsek çürütmüş insanı eşit maaşla üzerine de ölüm korkusuyla hakkı verilmeyen mesai ücretleriyle toplumdaki düşmanlıkla çalıştırmaktan gocunmadılar. ne bekliyorsunuz? kölelik kalkalı 100 sene oldu. bu şartlara kuzey korede bile çalışacak doktor bulamazsın eminim orada en azından doktora dokunanı idam ediyorlardır.
  "
73,"
    giderlerse gitsinler ezanla tedavi yontemleri uzerine daha bile gelismemizi saglar
  "
74,"
    türk insanının kendine ait ilkeli bir fikri olmadığını, sadece işine geleni konuştuğunu gösteren başlık.en liberaliniz bile komünist kesiliyor. siz muayene değil muamele istiyorsunuz.
  "
75,"
    bilim ve sanat itibar görmediği toplumları terkeder. ibn-i sina.
  "
76,"
    tanım : son zamanlarda hızlanan hadise. meslektaşlarıma sesleniyorum.kendinizi ifade etmeyin! gidiyorsanız gidin! sessizce gidin. biz gidersek şöyle olur, böyle olur demeyin. zaten üzerinizdeki nefreti daha fazla büyütmeyin. yangına körükle gitmeyin. genel kanıyı ben şu şekilde gördüm: insanlar sizi sevmiyor. okumuş, yetişmiş insanı sevmiyor.saygı duymuyor. çok biliyor. tanıları, tedavileri çok gereksizce, hadisizce fazlaca sorguluyor.youtubedan video izleyip ameliyat yapmayı öğrendi, googledan haber okuyup dahiliye uzmanı oldu sanıyor. taciz ediyor. sözlü şiddet uyguluyor. fiziksel şiddet uyguluyor. resmi belgelere öldüreceğim yazıyor (cimer). resmi hattı arayıp öldürürüm diyor (sabim). işlem yapılmıyor. ama bazı doktorlar da ... diyor. neyse gidiyorsanız gidin. ülkenin göreceği zarar zamanla anlaşılır.
  "
77,"
    puahhaha beyinsiz ya doktorluk para için yapılmaz diyor bir de.ne için yapılır beyinsiz kardeşim.o zaman yiyecekte çok önemli marketler bedava olsun yemek yemeyelim de ölelim mi?
  "
78,"
    beyaz yakalı göçünün sadece görünen ve kendini gerçekleştiremeyen insanların gözüne batan kısmıdır…içinde bulunduğum zümredir ve geçerli sebepleri vardır hak veriyorum, sahi hangi dile çalışıyoruz ?ağustos 22 edit: oet bitti şimdilik
  "
79,"
    gidiyorsanız gidin de niye bunu organize bir sekilde yapma cabasindasiniz anlamiyorum. senelerdir doktorlardan kat kat fazla muhendis gidiyor yurtdisina ama yerleri bir sekilde doluyor. hekim de bitmez bu memlekette merak etmeyin. sanki boyle gitmeyeceksin aslinda ama karsindakine istedigini yaptirmak icin ""bak giderim ha"" der gibi beyanlarda bulunuyorsunuz komik oluyor. gidin gidebiliyorsaniz bakim o olmayan yabanci dilinizle.
  "
80,"
    üniversite ve sağlık kurumlarının özelleştirilmesiyle çözülebilecek sorun.sağlık için özel sigortalar bu sağlık kurumlarıyla anlaşma yapar. poliçeye göre belli kısımlarını karşılar. kalanını ve sigorta ücretini kişi kendisi öder. devlet bunun için halktan vergi ve prim toplamaz. maaş ve masraf ödemez. gss yerine bu özel sigortalardan birinin asgari poliçesine sahip olmayı zorunlu tutar (çünkü halkımız çok zekidir…) ve denetimini yapar.doktorlar da piyasaları neyse ona göre maaş alır ve çalışma şartlarına sahip olur. eğitiminin parası da halktan çıkmamış olur. kendi parasıyla okuyup isterse yurtdışına gider çalışmaya.
  "
81,"
    tıp, sanırım yalnızca ülkemizde üst mertebe bir meslek kabul ediliyor. bu kabul, ne yazık ki en çalışkan/en kapasiteli gençleri istemsiz bir şekilde tıbba tıkıyor. oysa tıp, başta gönüllülük ve özgecilik isteyen bir meslek. aynı masörlük gibi; sırf parası iyi diye herkes eğitimini alabilir ama iyi ve faydalı masörlük yapamaz. tıp da son 50 yıldır böyle ülkemizde. doktorlar dahi kendileri ve aileleri söz konusu olduğunda herhangi önemli bir teşhis için 2-3 ayrı hekim ile görüşüyorlar. bu görüşme, bir istişare kültüründen kaynaklı değil, tamamen sistemin çalışmazlığı ve güvensizliğinden kaynaklı. çünkü sırf puanı yüzünden isteksiz tıp okutulan günümüz hekimlerinin çoğu meraksız, gönülsüz, düz mantık moduna giriyor ve özgeci analitik düşünce iptal oluyor. şahsen bu kısırdöngünün malum gündem ve göçler nedeniyle yıklımasından yanayım çünkü son 50 yıldır ülkemizdeki hekimlerin çoğu istemeden tıp okumuş kişiler. bu gerçek, ne yazık ki işlevsiz, faydasız ve güvensiz bir sağlık sistemi yaratmış. halkın en cahili bile semptomatik tedavi ve cerrahi müdahaleler dışında tatminkar şifa ya da güven duyamıyor. doktorlara olan tahammülsüzlük ve şiddetin nedenlerinden biri bu da olabilir inanın. uzatmayayım başa döneyim, olayın kaynağı nedir: gerçekten ülküsüzce, isteksizce tıp seçtirilmesi ve okutulmasıdır. bu mesleğin popülaritesi (amerika, avrupa vs. gibi) bir nebze azalınca belki gerçekten gönüllü, istekli ve özgeci hekimler kültürü var edilebilir. yöneticiler ve halk işte o zaman, şifa ve ilgiye doyunca eskisi gibi hekimin elini ayağını öpmeye yeninden başlayacaktır. tıpkı rahatlamayı iliklerine kadar hisseden bir kişinin masörüne olan şükranlığı gibi.not: yurt dışına giden hekimlere sual; yurt dışında türkiye'deki kadar rütbeli hissediyor musunuz?
  "
82,"
    rütbe takıntılı arkadaşlardan rütbe bazlı özgeci bir yorum gelmiş. tersine beyin göçünü her meslek grubunda durdurmaya çalışmadıkça felsefi iyi niyet mastürbasyonlarına mahkum kalacağız gibi gözüküyor
  "
83,"
    devlet vatandaşının önce can güvenliğini sağlamakla yükümlüdür. yukarıda dövlötön ömkönlöröylö ököyöp köçüyörlör gibi sığ düşüncelerle içindeki yetersizlik duygusunu açık eden cengaver arkadaşlar, devletin imkanları herkes için, madem öyle buyrun siz de okuyun o imkanlarla. bi 10 yıl dayanıp başarılı olabilirseniz de yoksulluk sınırındaki maaşınız ve alamadığınız primleriniz karşılığında tedavi ettiğiniz hıyarın biri gelsin sizi vursun. öyle konuşalım. bu göç yüzünden ülkenin düşeceği durum için üzülüyorum. sadece doktorlar değil eğitimli insanlar gidiyor. medeni bir şekilde iletişim kurabileceğimiz insanlar, hakkımızı koruyabileceğimiz koşullar her geçen gün daha da azalıyor. ülkeyi ayağa kaldıracak insanlar ne yazık ki gidiyorlar. önümüzdeki 5-10 yıl izleyin avrupa sağlık sektöründe ne kadar ileri gidecek. katlanarak artan bir çöküşün içindeyiz hep beraber, ülkenin üzerine dev bir cehalet ordusu üçer beşer çoğalarak geliyor ve ben toparlayabileceğimizden de hiç umutlu değilim. gidenler umarım yeni hayatlarında güvende ve mutlu olurlar. ben vatandaş olarak hakkımı helal ediyorum, zırıldayan dümbükler çölden yeni atanmış doktor mohammadlara derdinizi anlatırsınız artık.edit: anlatım bozukluğu
  "
84,"
    yaz kızım oraya bir +1 daha, uzun uzun anlatamam(kısa hali bu) bu primat sürüsüne, doktorluğun para için yapılmayacağını söyleyen mi dersin, eee beynini siktiğim bu adam kira öderken, ev alırken, marketten alışveriş yaparken karşıdaki adama hangi argümanla konuşacak, illa karşılığında bir şey verecek; altın, gümüş, domates, tuz her ne değer edecek şeyse, ya da sizler gibi götünü verecek karşılığında ki yine o da bir değere giriyor, yani en azından öyledir! demi. diğer bir kazma da kürek mahkumluğu gibi 20 yıl ölüm korkusu altında da olsa, geçinemezse de yine de sike sike çalışacak demiş, eee beynini siktiğim sen bu devirde asgari insani şartlarda çalışacak adam mı arıyorsun, yoksa neredeyse bedavaya sikeceğin köle mi, dikkatini çekerim teorik olarak dünyada kölelik yasak, böyle bir şey yapmaya kalkarsan da bir gün o köle seni yatağında sikebilir benden sana söylemesi, bakarsın ava giderken av olmuşsun. bir diğer göt kılı ne bu tatava altı üstü 4-5 matematik daha fazla yapıyor diye bu tantana neyin nesi demiş, haaa işte embesilin önde gideni o neti sen daha fazla yapmış olsaydın, şu an sen doktor, o küçümsediğin zeki adam da senin yaptığın işi yapmak zorunda kalırdı, üniversiteye yerleşim puan değil sıralama meselesi, kabataslak milleti aküsüne - ıq :) - göre sıralıyorlar, geri zekalılar, normaller, zekiler, dahiler. aynı mantıkla senden 10 net daha az yapan da en az senin kadar zeki ki, bu yorumu yaptığına göre 0 neti olan ile senin aranda altı üstü 30-40 soru var, ikiniz de aynı beyin seviyesine (zeka demeyeceğim :)) hmmhmmm) sahipsiniz, vs. vs... yazarken bile içim şişti, kısaca cehaletinizde boğulun.
  "
85,"
    sıradan vatandaşı öyle sanıyorum ki çok da etkilemeyecek olan bir olaydır. şimdi berbat bir şey gören adam için daha berbat bir şey sanırım çok da önemli değildir. biliyorsunuz kamu hizmetleri her ne kadar herkesin faydalanması üzerine kurulu olsa da kamu hizmetlerinden de belli bir kesim faydalanabiliyor. hastaneye giden sıradan bir vatandaş için ameliyat sırası gelmez de gelmez ama başkası içinse her şey bir anda oluverir. umarım gitmezler ve sağlık sistemi düzelir ama sıradan vatandaşlar için yani çoğunluk için bir şey değişmeyecek kötünün de kötüsüne maruz kalacaklar, o kadar.
  "
86,"
    bir seviyeye kadar okumusunun bile kök neden analizi yapamadigi, veri olmadan cozum önerdiği, düşünmeyi bilgi uretmek sanan insanlar topluluğuna ne desen ne anlatsan önüne ne koyarsan boş.yinede geldigimiz noktanın ana sebebi (bkz: sağlıkta dönüşüm projesi) akp nin 20 yıl once allayıp pullayip dune kadar iftihar ettigi proje. kac yıldır dedik durduk tekrar etmeyeceğim sonuclarıni beraber yaşıyoruz.vahom bir hata da hekimler saglık sektöründe ne planlayıcı ne yönetici. bashekiminden il saglık mudurlerine sektörüne hatta saglıl bakanina hepsi uygulayıcı.sistemin yaratanı ve yoneticisi olmayan hekimlerin hunharca suclanir olması ayri bir saçmalık. bu sağlıkta dönüşüm projesi hekim ile halkı karsi karsiya getirecek dedik hem de 20 yil once dedik, üstelik her sey gülluk gulustanlık gitmeye devam ederken de dedik. ne degisti kacinilmaz olan degismedi.kolay olan görünür olani suçlamak. akli olan veriyle kök nede analizi yapar ve kaynagına ulaşır.
  "
87,"
    sadece doktorlara özgü değildir.bu hekim göçü değildir beyin göçüdür. sadece doktorlar başka ülkeye gitmek onlar için daha zor olduğundan gitmemek için kendilerini zorluyor, ses yükseltiyor. halbuki diğerleri sessiz sedasız ülkeyi terketmek için sıraya girdi bile.
  "
88,"
kavimler göçü atalarımız vizigotları anlasa bu sorun oluşmazdı.
  "
89,"
    bu konu hakkında daha önce de yazmıştım, hekimlerin sonuna kadar haklı oldukları göçtür. biri de şuursuzca 15-20 yıl zorunlu çalışsınlar demiş. bu derece cahillikle başınıza gelenleri hak ediyorsunuz yeminle. kıt beyinli o zaman kim 15-20 yıl zorunlu olarak çalışacağı bir dalı seçer? her meslekte olduğu gibi doktorlukta da para önemlidir. kazanç önemlidir. neden olmasın? hangimiz dal seçerken bize en çok kazandıracak, geçinebileceğimiz dalı seçmeye çalışmıyoruz? kimse iyi bir mesleğe sahip olduğu ve bunun karşılığını istediği için utanmamalı. sen doktorları özele kaçırmak için her şeyi yap sonra devlet hastanelerinde doktor kalmayınca niye özele kaçıyorsunuz diye havla ki kimse seni suçlamasın. sen ameliyat olmak zorunda kalınca kanunu büküp en iyi hocaya ameliyat ol, vatandaş seçeneği olmadığı için özele adım atıp kredi borcuyla çıksın. sağlıkta şiddettin ülkedeki tüm zamanların en üst seviyesine çıkmasına izin ver, vatandaş doktor dövebildiğini söyleyerek övünsün, resmi kanallarda bile açık açık doktoru tehdit edebilsin ama ceza almasın, sonra doktorlar şartların iyileşmesini isteyince aman efendim bunu nasıl talep eder.. unutmayın, bir gün eninde sonunda bir doktorun eline düşeceksiniz ya da dünyalar kadar sevdiğiniz biri düşecek. koca istanbul'da kaç tane kalp damar cerrahı kalmış bilmek zorunda kalacağınız gün gelebilir. o zaman bunları hatırlayın.
  "
90,"
    (bkz: #140832740) bence de gitmelisin. bu dilbilgisi ve imla ile bu topraklarda işin zor *
"
91,"
    bir tek estetik cerrahları göç etmez herhalde bizim kızlardan daha çirkinlerini orada bulamazlar kala kala estetikçilere kalacağız onlara öğretelim bir iki değişik ameliyat falan.
  "
92,"
    yakınen tanık olduğum bir olayı kısaca anlatayım;çapa mezunu bir (kanser cerrahı) arkadaşım, asistanlık esnasında ev alamadığını, mevcut maaş ile ev alamayacağını ve iki kızının geleceğinden endişe ettiğini bildirerek (1 yıllık bir sürede dil ve teori sinavlarini verip) geçen ay ingiltere'ye göçtü. gitmesine sebep ; büyük paralar kazanmak değil, sadece düzgün yaşamak. zaten googlelayanlar bilir; ingiltere'de doktor maaşıyla öyle zengin falan olamazsınız, sade/üstü bir hayat sürdürürsünüz. dil bilen genç hekimlerdeki gördüğüm temel gidis motivasyonu bu ülkede gelecek görememeleri, ve insan onuruna yakışır şekilde ev/tatil/çocuklarin eğitim ihtiyaçlarını sağlayamama korkusu ve maalesef şiddete uğrama korkusu.not: sn. fahrettin koca'nın gerek malpraktis davaları rücu süreci gerekse özlük hakları ile ilgili gönülden uğraştığını görüyorum. sn.bakan'ın çabalarken bir duvara tosladığını düşünüyorum. kendisine bu mecradan selamlar, saygılarımla.
  "
93,"
    doktor fanboyları yine kendilerini jiletliyor, ızdırabınızla güldürüyorsunuz, teşekkür ettik
  "
94,"
    umarım seneye içlerinde bulunurum. bu entry güncellenecektir.
  "
95,"
    iyi hal belgesi alırken sorduğumdauzmanlar da gidiyor ama asıl yeni mezunlardan aşırı talep var hocam dediler.1-almanya 2-dubai 3-amerika ingiltere avustralya'ya göç varmış.ben de gidiyorum. değer görmediğim yerde durmam.
  "
96,"
    belli bir yaşın üzerindeki tecrübeli hekimlere ve uzmanlara asla lafım yok. fakat yeni mezunların yüzde 80’i çöp kategorisinde. bunları kabul eden ülke varsa ben o ülkeye sadece acırım
  "
97,"
    yeni mezunlarin yuzde 80'i çöpmüş sayın hamam böceği yazara göre. ulan küçümsediğin yebi mezunlar 2 buçuk-3 milyon kişi arasında ilk 15 bine girenlerin çoğunu oluşturuyor. bunlar memleketin çalışkan çocukları, sınıf birincileri, okul dereceleri, övünmek için isimleri okullara asılan cocuklar. sistemden dolayı tıbbi bilgileri ve deneyimleri belki eksik olabilir ama ülkenin çalışkan kesimi gidiyor, hiç mi üzülmüyorsunuz?
  "
98,"
    (bkz: ya göç edecekler ya ölecekler)
  "
99,"
    kamuda olup imkan bulan ve gocmeyen var mi?kalan zaten cercop.sadece doktor degil, devlete yazdiginiz yaziya dogru duzgun yanit alamayacaksiniz.
  "
100,"
    (bkz: #140821739)o eğitim bedava değil, devletle halk mutual ilişki içindedir. vergi-hizmet, o kadar. şu abc'yi bir öğrenin de sonra fikir belirtin.gelen geçen racon, hoca, yol yordam gösterici oldu. ne demiş; başlarmış matematik netine, mesele mesleği icra edip etmemekmiş, yapmayacaksan seçme.. özelde çalışacaksan parayı bastırıp özelde oku. yurtdışına gideceksen git orada oku. buyurdu zat. bu kafaya nezaketle durum açıklanmaz.hekimlere uygulanan şiddet bu kişilere uygulansa en azından tıbbi olarak kişisel gelişimlerine katkıda bulunur.sağolsun teveccüh gösterip şiddete karşı hekimlere hak vermiş, eksik olma. eskiden, bu kafayla bu günlere iyi gelmişsin derdik fakat bu zihniyetle bu günlere gelebilmek artık kolay olan.
  "
101,"
    13 yıllık hekim olarak benim de hazırladığım aktivite.
  "
102,"
    koşulları iyileştirmek varken zorla tutma fikri hiçbir şekilde işe yaramaz. bunu hayatın her alanında görebilirsiniz. mesela amerika'nın matematik olimpiyatlarına gönderdiği insanlara bakabilirsiniz. yabancı ülkeler uyuşturucuyla mücadeleyi nasıl bir boyuta getirmiş, buna da bakabilirsiniz. ülkede bütün eğitim kurumları paralı olsa anlarım ama bir meslek grubu daha kolay gidiyor diye sınırlama getirmek çok saçma ve uzun vadede verimsiz bir fikir. bu yasayı geçirdiğiniz anda tıp puanları düşmeye başlar ve denk gelebileceğiniz 2-3 iyi doktoru da görememeye başlarsınız.
  "
103,"
    maalesef kardeşim ve eşinin de aralarına katılacağı göçtür. adam 15 yıllık uzman ve aynı zamanda cerrah. almanyada bir klinik ile irtibata geçildi, bir danışman firma aracılığı ile, gitti-geldi vs, işinin uzmanı zaten dil olayını da çözdü. ağustos başında işbaşı yap dediler, onay bekliyor, bunun üzerine de misafir olarak gel başla dediler ve önümüzdeki ay bilemedin ekim ayında oradalar inşaallah. bütün düzenlerini bırakıp çoluk-çocuk ile gitmeseler iyiydi ama ülkenin durumu da ortada. hayırlısı artık.
  "
104,"
    kalacaklar!döveriz de, söveriz de, gerekirse öldürürüz. ka la cak lar!bu ne ego, bu ne şımarıklık.iyi ki okumuşlar yani. kendilerini ne zannediyor doktorlar.kalacaklar ve onları bu bataklığa gömeceğiz.ağızlarına da sıçsak bize bakacaklar. sürünecekler yine de bakacaklar.kendilerini tanrı mı sanıyorlar da bana 3 ay ömür biçiyorlar.ama tanrı olacaklar ve beni ve tüm sülalemi kurtaracaklar.yoksa öldürürüm.(bkz: sarcasm)ayıları bile tedavi etmeden uyuşturucu iğne ile bayıltırlar. acaba burada ki insanları da hastahane kapısında bayıltsak mı ? nasılsa, neyin var desek cevap da veremeyecek...
  "
105,"
    20 yıllık cerrahlar kapıldı hala kalanları nasıl zorla tutarız derdinde ekşiciler.mevcut tabloda 20 sene gecmesi lazım aynı tecrübede bir cerrahın olması için. neyden bahsediyorsunuz siz? senin yerin dolar benim bir doktor olarak kolay kolay dolmaz kardeşim. dolamıyor işte yaşayarak öğreniyorsunuz.
  "
106,"
    artık hastanede tedavi olamıyorum. özel hastaneler de öyle bir fiyatlar biçiyor ki gidemiyorsun. ben bu ülkede okumuş orta sınıf insandım. çok övülen sağlık sistemi çöktü. amerika'dan beter hale geldik. doktorlara laf atan hiçbir baltaya sap olamamış ezikler, anlayacaksınız doktorun önemini.
  "
107,"
    türk hekimlerinin göçü en prestijli tıp dergisi the lancet’e de konu olmuş. tahminler ışığında 2022 sonuna kadar 3 bin türk hekimin daha türkiye'den ayrılması öngörülüyor. makaleye göre özellikle anestezi, acil bakım, kulak burun boğaz ve jinekoloji alanlarında türkiye’den ayrılma yönünde büyük bir trend olduğu belirtilmiş. görünen o ki türkiye sağlık sektöründeki bu nitelikli iş gücü kaybını, kısa vadede olmasa bile orta ve uzun vadede ciddi seviyede hissedecek.haberin linki
"
